{
  "generated_at": "2026-03-04T11:02:23.179Z",
  "dataset_path": "C:\\HTML apps\\DTA_Pro_Review\\R_validation\\gapfill_comparator_dataset.json",
  "reference_path": "C:\\HTML apps\\DTA_Pro_Review\\R_validation\\gapfill_reference_r.json",
  "tolerances": {
    "absTol": 0.000002,
    "relTol": 0.000001
  },
  "summary": {
    "total_metrics": 57,
    "failed_metrics": 0,
    "pass": true,
    "max_abs_diff": 1.0954147311448281e-11
  },
  "methods": {
    "comparative_dta": {
      "app": {
        "pooled": {
          "test1": {
            "sens": 0.8434546308968601,
            "spec": 0.8074255346909609
          },
          "test2": {
            "sens": 0.7892653395410187,
            "spec": 0.7518952354480537
          }
        },
        "comparison": {
          "sensitivity_difference": 0.054189291355841385,
          "sensitivity_ci": [
            0.040602210547056525,
            0.06777637216462624
          ],
          "sensitivity_p_value": 4.440892098500626e-16,
          "specificity_difference": 0.0555302992429072,
          "specificity_ci": [
            0.04511131647867633,
            0.06594928200713807
          ],
          "specificity_p_value": 0,
          "conclusion": "Test 1 has significantly HIGHER sensitivity. Test 1 has significantly HIGHER specificity"
        }
      },
      "reference": {
        "pooled": {
          "test1": {
            "sens": 0.8434546308968602,
            "spec": 0.8074255346909609
          },
          "test2": {
            "sens": 0.7892653395410187,
            "spec": 0.7518952354480538
          }
        },
        "comparison": {
          "sensitivity_difference": 0.054189291355841496,
          "sensitivity_ci": [
            0.04060221055801067,
            0.06777637215367233
          ],
          "sensitivity_p_value": 2.220446049250313e-16,
          "specificity_difference": 0.05553029924290709,
          "specificity_ci": [
            0.04511131648707611,
            0.06594928199873806
          ],
          "specificity_p_value": 0,
          "conclusion": "Test 1 has significantly HIGHER sensitivity. Test 1 has significantly HIGHER specificity"
        }
      }
    },
    "threshold_optimization": {
      "app": {
        "youden": {
          "sens": 0.8283891154495996,
          "spec": 0.797113119074047,
          "j": 0.6255022345236467
        },
        "closest_to_ideal": {
          "sens": 0.8283891154495996,
          "spec": 0.797113119074047,
          "distance": 0.26573178610778325
        },
        "min_cost": {
          "sens": 0.8283891154495996,
          "spec": 0.797113119074047,
          "expected_cost": 0.10986353375346736,
          "prevalence": 0.12
        },
        "constrained_optimal": {
          "sens": 0.8283891154495996,
          "spec": 0.797113119074047,
          "meets_constraints": false,
          "target_sens": 0.85,
          "target_spec": 0.8
        },
        "recommendation": []
      },
      "reference": {
        "youden": {
          "sens": 0.8283891154495996,
          "spec": 0.797113119074047,
          "j": 0.6255022345236467
        },
        "closest_to_ideal": {
          "sens": 0.8283891154495996,
          "spec": 0.797113119074047,
          "distance": 0.26573178610778325
        },
        "min_cost": {
          "sens": 0.8283891154495996,
          "spec": 0.797113119074047,
          "expected_cost": 0.10986353375346736,
          "prevalence": 0.12
        },
        "constrained_optimal": {
          "sens": 0.8283891154495996,
          "spec": 0.797113119074047,
          "meets_constraints": false,
          "target_sens": 0.85,
          "target_spec": 0.8
        },
        "recommendation": []
      }
    },
    "network_meta_dta": {
      "app": {
        "n_tests": 3,
        "relative_dors": [
          {
            "comparison": "PET vs MRI",
            "r_dor": 2.1527379710673493,
            "log_r_dor": 0.7667405068731955,
            "favors": "PET"
          },
          {
            "comparison": "PET vs CT",
            "r_dor": 3.6718446939190446,
            "log_r_dor": 1.3006941771794427,
            "favors": "PET"
          },
          {
            "comparison": "MRI vs CT",
            "r_dor": 1.705662622794035,
            "log_r_dor": 0.5339536703062471,
            "favors": "MRI"
          }
        ],
        "rankings": [
          {
            "test": "PET",
            "dor": 64.66226946524273,
            "rank": 1,
            "sucra": 1
          },
          {
            "test": "MRI",
            "dor": 30.037222520482842,
            "rank": 2,
            "sucra": 0.5
          },
          {
            "test": "CT",
            "dor": 17.6102953298461,
            "rank": 3,
            "sucra": 0
          }
        ],
        "best_test": "PET"
      },
      "reference": {
        "n_tests": 3,
        "relative_dors": [
          {
            "comparison": "PET vs MRI",
            "r_dor": 2.1527379710673493,
            "log_r_dor": 0.7667405068731955,
            "favors": "PET"
          },
          {
            "comparison": "PET vs CT",
            "r_dor": 3.6718446939190446,
            "log_r_dor": 1.3006941771794427,
            "favors": "PET"
          },
          {
            "comparison": "MRI vs CT",
            "r_dor": 1.705662622794035,
            "log_r_dor": 0.5339536703062471,
            "favors": "MRI"
          }
        ],
        "rankings": [
          {
            "test": "PET",
            "dor": 64.66226946524273,
            "rank": 1,
            "sucra": 1
          },
          {
            "test": "MRI",
            "dor": 30.037222520482842,
            "rank": 2,
            "sucra": 0.5
          },
          {
            "test": "CT",
            "dor": 17.6102953298461,
            "rank": 3,
            "sucra": 0
          }
        ],
        "best_test": "PET"
      }
    },
    "ipd_two_stage": {
      "app": {
        "n_patients": 105,
        "n_studies": 3,
        "one_stage": {
          "sensitivity": 0.8,
          "specificity": 0.8
        },
        "two_stage": {
          "sensitivity": 0.7915696651733644,
          "specificity": 0.7967701271887494,
          "dor": 14.889280582383716
        },
        "heterogeneity": {
          "q_sens": 1.160338874732105,
          "q_spec": 0.6158883471186427,
          "i2_sens": 0,
          "i2_spec": 0,
          "p_q_sens": 0.5598035068993061,
          "p_q_spec": 0.7349563468607547
        }
      },
      "reference": {
        "n_patients": 105,
        "n_studies": 3,
        "one_stage": {
          "sensitivity": 0.8,
          "specificity": 0.8
        },
        "two_stage": {
          "sensitivity": 0.7915696651733644,
          "specificity": 0.7967701271887494,
          "dor": 14.889280582383716
        },
        "heterogeneity": {
          "q_sens": 1.160338874732105,
          "q_spec": 0.6158883471186426,
          "i2_sens": 0,
          "i2_spec": 0,
          "p_q_sens": 0.5598035068975271,
          "p_q_spec": 0.7349563468607101
        }
      }
    }
  },
  "comparisons": [
    {
      "name": "comparative.test1.sens",
      "app": 0.8434546308968601,
      "reference": 0.8434546308968602,
      "abs_diff": 1.1102230246251565e-16,
      "rel_diff": 1.1102230246251565e-16,
      "pass": true
    },
    {
      "name": "comparative.test1.spec",
      "app": 0.8074255346909609,
      "reference": 0.8074255346909609,
      "abs_diff": 0,
      "rel_diff": 0,
      "pass": true
    },
    {
      "name": "comparative.test2.sens",
      "app": 0.7892653395410187,
      "reference": 0.7892653395410187,
      "abs_diff": 0,
      "rel_diff": 0,
      "pass": true
    },
    {
      "name": "comparative.test2.spec",
      "app": 0.7518952354480537,
      "reference": 0.7518952354480538,
      "abs_diff": 1.1102230246251565e-16,
      "rel_diff": 1.1102230246251565e-16,