{
  "generated_at": "2026-03-04T11:02:20+0000",
  "dataset_path": "C:/HTML apps/DTA_Pro_Review/R_validation/pubbias_comparator_dataset.csv",
  "n_studies": 10,
  "methods": {
    "pet_peese": {
      "pet": {
        "intercept": 3.0616944376734314,
        "slope": 2.001761252498603,
        "intercept_se": 1.2978454430231423,
        "slope_se": 2.5150232774672303,
        "df": 8,
        "p_intercept": 0.046025753713148952,
        "p_slope": 0.44904807572837446
      },
      "peese": {
        "intercept": 3.6295597094623542,
        "slope": 1.6823067341622886,
        "intercept_se": 0.65819764857347274,
        "slope_se": 2.3062415786513037,
        "df": 8,
        "p_intercept": 0.00056409404478255224
      },
      "decision": {
        "use_peese": true,
        "corrected_log_dor": 3.6295597094623542,
        "corrected_dor": 37.696215675764122,
        "unadjusted_log_dor": 4.0775484703435776,
        "unadjusted_dor": 59.000650563420322,
        "change_pct": -36.108813520210035
      }
    },
    "excess_significance": {
      "alpha": 0.050000000000000003,
      "z_crit": 1.9599639845400536,
      "observed_sig": 10,
      "k": 10,
      "theta_fe": 4.0775484703435776,
      "theta_re": 4.1134988554640239,
      "tau2_dl": 0.26900284652020989,
      "stats_fe": {
        "expected_sig": 9.9998689916259593,
        "chi2": 0.00013101009038256773,
        "p_excess": 0.9908676414990315,
        "p_exact": 0.99986899546847463,
        "ratio": 1.0000131010090383
      },
      "stats_re": {
        "expected_sig": 9.9922055599712376,
        "chi2": 0.0078005200973716065,
        "p_excess": 0.92962190378815435,
        "p_exact": 0.99222651704321285,
        "ratio": 1.0007800520097372
      },
      "primary": {
        "expected_sig": 9.9922055599712376,
        "chi2": 0.0078005200973716065,
        "p_excess": 0.92962190378815435,
        "p_exact": 0.99222651704321285,
        "ratio": 1.0007800520097372
      },
      "primary_label": "Random-effects (primary)"
    },
    "deeks": {
      "intercept": 4.826008779528042,
      "slope": -7.9566464824865504,
      "se_slope": 12.185362546386298,
      "t": -0.65296756269645673,
      "p_value": 0.532089478054661,
      "n": 10
    },
    "egger_variants": {
      "standard_egger": {
        "coefficient": 2.001761252498556,
        "se": 2.5150232774672534,
        "t": 0.79592156081927945,
        "p": 0.44904807572838867
      },
      "deeks_funnel_asymmetry": {
        "coefficient": -7.9566464824865397,
        "se": 12.185362546386285,
        "t": -0.6529675626964565,
        "p": 0.53208947805466111
      },
      "peters_test": {
        "coefficient": -32.804112751797028,
        "se": 91.165481689866752,
        "t": -0.35983041106931679,
        "p": 0.72828798730319044
      }
    },
    "trim_and_fill": {
      "k_imputed": 0,
      "median_log_dor": 4.2534827835603979,
      "original_log_dor": 4.0775484703435776,
      "adjusted_log_dor": 4.0775484703435776,
      "original_dor": 59.000650563420322,
      "adjusted_dor": 59.000650563420322
    },
    "pcurve": {
      "n_significant": 10,
      "low_p": 10,
      "high_p": 0,
      "right_skew": true,
      "bins": {
        "0.00-0.01": 10,
        "0.01-0.02": 0,
        "0.02-0.03": 0,
        "0.03-0.04": 0,
        "0.04-0.05": 0
      }
    },
    "worst_case_selection_bounds": {
      "global_lower": 3.8470223169329736,
      "global_upper": 4.2630120568167902,
      "global_lower_dor": 46.853340910560036,
      "global_upper_dor": 71.023588681683293,
      "spread_dor": 24.170247771123258,
      "robustness": "Low robustness",
      "precision": {
        "lower": 4.0775484703435767,
        "upper": 4.2630120568167902,
        "lower_cfg": {
          "p_min": 0.29999999999999999,
          "cutoff": 9
        },
        "upper_cfg": {
          "p_min": 0.20000000000000001,
          "cutoff": 8
        }
      },
      "significance": {
        "lower": 3.8470223169329736,
        "upper": 4.1976334356581138,
        "lower_cfg": {
          "p_min": 0.20000000000000001,
          "cutoff": 6
        },
        "upper_cfg": {
          "p_min": 0.20000000000000001,
          "cutoff": 2
        }
      },
      "composite": {
        "lower": 3.9304520021030878,
        "upper": 4.1976334356581138,
        "lower_cfg": {
          "p_min": 0.20000000000000001,
          "cutoff": 8
        },
        "upper_cfg": {
          "p_min": 0.20000000000000001,
          "cutoff": 2
        }
      }
    },
    "caliper_discontinuity": {
      "alpha": 0.050000000000000003,
      "width": 0.01,
      "left": 0,
      "right": 0,
      "n_window": 0,
      "too_few_window": true
    },
    "selection_ratio_sensitivity": {
      "alpha": 0.050000000000000003,
      "n_sig": 10,
      "n_non_sig": 0,
      "unadjusted_log_dor": 4.0775484703435776,
      "unadjusted_dor": 59.000650563420322,
      "eta_20pct": null,
      "eta_null": null,
      "max_attenuation": 8.8817841970012523e-16,
      "robustness": "High robustness",
      "rows": [
        {
          "eta": 1,
          "theta": 4.0775484703435776,
          "dor": 59.000650563420322,
          "dor_ci": [42.849986560704707, 81.238689817913055],
          "ratio_to_unadjusted": 1
        },
        {
          "eta": 1.25,
          "theta": 4.0775484703435776,
          "dor": 59.000650563420322,
          "dor_ci": [41.26245348752235, 84.364270000558719],
          "ratio_to_unadjusted": 1
        },
        {
          "eta": 1.5,
          "theta": 4.0775484703435767,
          "dor": 59.000650563420272,
          "dor_ci": [39.877897629222794, 87.293387411573747],
          "ratio_to_unadjusted": 0.99999999999999911
        },
        {
          "eta": 2,
          "theta": 4.0775484703435776,
          "dor": 59.000650563420322,
          "dor_ci": [37.533053275331405, 92.746964691912453],
          "ratio_to_unadjusted": 1
        },
        {
          "eta": 3,
          "theta": 4.0775484703435767,
          "dor": 59.000650563420272,
          "dor_ci": [33.905047708399316, 102.67134253418129],
          "ratio_to_unadjusted": 0.99999999999999911
        },
        {
          "eta": 4,
          "theta": 4.0775484703435776,
          "dor": 59.000650563420322,
          "dor_ci": [31.120357669258407, 111.85850766572449],
          "ratio_to_unadjusted": 1
        },
        {
          "eta": 5,
          "theta": 4.0775484703435776,
          "dor": 59.000650563420322,
          "dor_ci": [28.857140583218079, 120.63138261631013],
          "ratio_to_unadjusted": 1
        },
        {
          "eta": 7,
          "theta": 4.0775484703435767,
          "dor": 59.000650563420272,
          "dor_ci": [25.313125765711, 137.5206206900875],
          "ratio_to_unadjusted": 0.99999999999999911
        },
        {
          "eta": 10,
          "theta": 4.0775484703435776,
          "dor": 59.000650563420322,
          "dor_ci": [21.45838884640089, 162.22451703267996],
          "ratio_to_unadjusted": 1
        },
        {
          "eta": 15,
          "theta": 4.0775484703435767,
          "dor": 59.000650563420272,
          "dor_ci": [17.095261500039868, 203.62816719116617],
          "ratio_to_unadjusted": 0.99999999999999911
        },
        {
          "eta": 20,
          "theta": 4.0775484703435776,
          "dor": 59.000650563420322,
          "dor_ci": [14.113989501598766, 246.64016977712154],
          "ratio_to_unadjusted": 1
        }
      ]
    }
  }
}
